USE zoo;

INSERT INTO `area_tematica` (`NOME`, `last_update`) VALUES
('Africa', '2019-05-29 09:36:44'),
('Asia', '2019-05-29 09:37:28'),
('Europa', '2019-05-29 09:37:28'),
('Oceania', '2019-05-29 09:37:28'),
('America', '2019-05-29 09:37:28');

INSERT INTO `ALLOGGIO` (`NUMERO`, `NOME`, `TIPO`,`NOME_AREA`, `last_update`) VALUES 
('1','Squali cattivi','Vasca','Oceania','2019-06-18 17:24:21'),
('1','Montagne dello Utah','Recinto alto','America','2019-06-18 17:24:21'),
('1','Appennini','Recinto alto','Europa','2019-06-18 17:24:21'),
('2','Alpi','Recinto alto','Europa','2019-06-18 17:24:21'),
('3','Casa dei Panda','Recinto basso','Asia','2019-06-18 17:24:21'),
('4','Barriera corallina','Vasca','Oceania','2019-06-18 17:24:21'),
('5','Serpenti velenosi','Teca','America','2019-06-18 17:24:21'),
('6','Montagne rocciose','Recinto alto','America','2019-06-18 17:24:21'),
('7','Outback','Prato','Oceania','2019-06-18 17:24:21'),
('8','Acque mediterranee','Vasca','Europa','2019-06-18 17:24:21'),
('9','Grandi laghi europei','Vasca','Europa','2019-06-18 17:24:21'),
('10','Vita nella savana','Prato','Africa','2019-06-18 17:24:21'),
('11','Paludi della Luisiana','Vasca','America','2019-06-18 17:24:21'),
('11','Ragni velenosi','Teca','Oceania','2019-06-18 17:24:21'),
('12','Corsa con gli struzzi','Recinto alto','Oceania','2019-06-18 17:24:21'),
('13','Montagne innevate','Recinto alto','Asia','2019-06-18 17:24:21'); 

INSERT INTO `ANIMALE` (`ID`, `NOME`, `SPECIE`,`HABITAT`, `PESO`, `ETA`, `SESSO`, `last_update`) VALUES 
('001','Nemo','Squalo','Tundra','299','8','F','2019-06-18 17:12:45'),
('033','Brant','Coccodrillo','Tundra','24','8','M','2019-06-18 17:12:45'),
('099','Eleazar','Gufo','Foresta','706','9','F','2019-06-18 17:12:45'),
('104','Fannie','Coccodrillo','Prateria','808','4','F','2019-06-18 17:12:45'),
('111','Rocky','Gufo','Foresta subtropicale','874445509','5','F','2019-06-18 17:12:45'),
('116','Jaron','Tigre siberiana','Tundra','5278','5','M','2019-06-18 17:12:45'),
('122','Grayson','Cammello','Vegetazione alpina','3287719','3','F','2019-06-18 17:12:45'),
('127','Flossie','Cammello','Foresta pluviale','64','3','F','2019-06-18 17:12:45'),
('133','Rowena','Panda','Prateria','6','2','M','2019-06-18 17:12:45'),
('139','Sarina','Zebra','Macchia mediterranea','94865712','1','F','2019-06-18 17:12:45'),
('158','Perry','Coccodrillo','Savana','64237','5','F','2019-06-18 17:12:45'),
('166','Colten','Gufo','Steppa','5511777','4','M','2019-06-18 17:12:45'),
('179','Jordane','Leone','Vegetazione alpina','153771931','6','M','2019-06-18 17:12:45'),
('217','Rosa','Gufo','Foresta subtropicale','25','3','F','2019-06-18 17:12:45'),
('230','Elise','Elefante','Foresta subtropicale','470645159','6','M','2019-06-18 17:12:45'),
('232','Kayden','Panda','Tundra','97295','5','M','2019-06-18 17:12:45'),
('242','Carlo','Leone','Foresta','484567437','6','F','2019-06-18 17:12:45'),
('422','Giovanni','Muflone','Vegetazione alpina','200','33','M','2019-06-18 17:12:45');

INSERT INTO `MALATTIA` (`ID`, `ID_ANIMALE`, `TIPO`,`last_update`) VALUES 
(0, '001', 'virus','2019-05-29 07:34:55'),
(1, '422', 'virus','2019-05-29 07:34:55'),
(2, '127', 'virus','2019-05-29 07:34:55'),
(3, '033', 'virus','2019-05-29 07:34:55'),
(4, '133', 'batterio','2019-05-29 07:34:55'),
(5, '230', 'fungo','2019-05-29 07:34:55'),
(6, '232', 'fungo','2019-05-29 07:34:55'),
(7, '127', 'virus','2019-05-29 07:34:55'),
(8, '099', 'virus','2019-05-29 07:34:55');

INSERT INTO `DIETA` (`ID`, `last_update`) VALUES
('1', '2019-05-29 07:34:55'),
('2', '2019-05-29 07:34:55'),
('3', '2019-05-29 07:34:55');

INSERT INTO `VETERINARIO` (`CF`, `NOME`, `COGNOME`, `TELEFONO`, `EMAIL`, `INDIRIZZO`, `H_INIZIO`, `H_FINE`, `GIORNO_LIBERO`, `TIPOLOGIA_ANIMALE`, `DATA_ASSUNZIONE`, `STIPENDIO`, `last_update`) VALUES 
('285227', 'Veronica', 'Wilkinson', '(958)361-4407x6', 'marlen.mitchell@example.org', '817 Rice Lights Suite 968\nBernhardburgh, VA 08571-', '02:13:33', '07:20:52', 'Sabato', 'Grandi',  '2000-06-22', '1000.00', '2019-05-29 13:00:55'),
('347', 'Bernadine', 'McClure', '(667)146-0258', 'vhilpert@example.org', '36674 Marshall Green\nLibbiemouth, ME 08282-5076', '03:07:58', '07:58:44', 'Giovedì', 'Piccoli','2000-06-22', '1500.00', '2019-05-29 13:00:55'),
('39', 'Alexa', 'O\'Keefe', '(153)053-8877x6', 'josefa.ruecker@example.org', '833 Kutch Hills Apt. 943\nPort Ellisberg, MO 06232', '13:46:29', '11:20:12', 'Martedì', 'Medi', '2003-10-10', '1040.00','2019-05-29 13:00:55'),
('51128', 'Juvenal', 'Boehm', '230.562.9267x14', 'bernadette43@example.org', '6977 Cedrick Rest\nEast Merritt, PA 67826-3097', '16:13:44', '13:38:35', 'Giovedì', 'Grandi','2003-05-21', '1300.00', '2019-05-29 13:00:55'),
('532', 'Nicole', 'Ritchie', '566.134.2068x52', 'maudie.zieme@example.org', '3935 Alene Pines Apt. 347\nKeeganmouth, DC 97612-05', '07:18:13', '23:29:03', 'Venerdì', 'Medi','1998-03-10', '1000.00', '2019-05-29 13:00:55'),
('571751', 'Annabel', 'Graham', '1-939-547-2664x', 'joseph17@example.net', '77553 Anibal Unions\nCollierfurt, NV 63114-1785', '20:42:08', '05:14:56', 'Domenica', 'Medi', '2005-01-22', '1100.00','2019-05-29 13:00:55'),
('578', 'Eloise', 'White', '1-208-555-3823x', 'feeney.vivian@example.org', '31098 Gregorio Shores Apt. 583\nNew Royside, UT 348', '11:10:42', '08:34:48', 'Lunedì', 'Grandi','2002-02-01', '1120.00', '2019-05-29 13:00:55'),
('760', 'Wendell', 'Littel', '588.196.9557x47', 'myra.jacobson@example.org', '9912 Wuckert Radial Apt. 995\nMacifort, CA 35674-48', '11:55:22', '04:31:06', 'Giovedì', 'Piccoli','2009-04-07', '900.00','2019-05-29 13:00:55'),
('86213', 'Jodie', 'Upton', '1-472-499-5179x', 'crooks.troy@example.net', '227 Alf Shoals Apt. 619\nSouth Bellaland, WY 24845', '11:17:44', '11:05:20', 'Mercoledì', 'Medi','2013-03-29', '1040.00', '2019-05-29 13:00:55'),
('936025083', 'Cara', 'Kerluke', '196-828-4278x81', 'teagan.waters@example.net', '56924 Amelie Summit\nEnochmouth, WA 96180', '18:55:49', '04:41:45', 'Giovedì', 'Grandi','20018-08-18', '1200.00', '2019-05-29 13:00:55');

INSERT INTO `DIETOLOGO` (`CF`, `NOME`, `COGNOME`, `TELEFONO`, `EMAIL`, `H_INIZIO`, `H_FINE`, `GIORNO_LIBERO`, `TIPOLOGIA_DIETA`,`DATA_ASSUNZIONE`, `STIPENDIO`, `last_update`) VALUES
('3578', 'Douglas', 'Wolf', '1-539-067-9022x', 'wshields@example.net', '15:15:16', '13:46:51', 'Venerdì', NULL,'2000-06-21', '2000.00', '2019-05-29 13:00:55'),
('15443276', 'Edna', 'Swift', '05246477971', 'eileen.bergnaum@example.com', '15:31:31', '13:53:12', 'Giovedì', NULL, '1994-03-10', '1230.00','2019-05-29 13:00:55'),
('19426248', 'Toy', 'Nader', '1-031-047-0336', 'tromp.halie@example.org', '16:39:53', '05:51:38', 'Lunedì', NULL,'2003-11-20', '1400.00', '2019-05-29 13:00:55'),
('672', 'Lon', 'Kutch', '653-097-2939x61', 'marjorie82@example.com', '20:52:54', '07:44:55', 'Domenica', NULL,'2005-02-08', '1000.00', '2019-05-29 13:00:55'),
('774675156', 'Christophe', 'McKenzie', '+34(0)104836206', 'reginald91@example.com', '02:57:54', '01:53:09', 'Sabato', NULL,'2012-05-14', '1000.00', '2019-05-29 13:00:55');

INSERT INTO `ADDETTO_PULIZIE` (`CF`, `NOME`, `COGNOME`, `TELEFONO`, `EMAIL`, `H_INIZIO`, `H_FINE`, `GIORNO_LIBERO`,`DATA_ASSUNZIONE`, `STIPENDIO`, `last_update`) VALUES 
('19', 'Christop', 'Nader', '05346917478', 'ervin.jast@example.org', '06:26:56', '08:37:55', 'Giovedì', '2012-01-21', '500.00','2019-05-29 13:00:55'),
('2317', 'Vicente', 'Lockman', '670-614-9147x12', 'dherman@example.org', '07:43:02', '17:27:00', 'Mercoledì', '2007-01-15', '600.00','2019-05-29 13:00:55'),
('2934', 'Elvera', 'Jenkins', '896-760-4557', 'ila49@example.org', '16:18:45', '18:12:09', 'Sabato','2000-09-11', '650.00','2019-05-29 13:00:55'),
('35', 'Alexanne', 'Ortiz', '09573795652', 'ysporer@example.com', '16:30:36', '19:52:48', 'Giovedì','2018-05-30', '500.00', '2019-05-29 13:00:55'),
('40', 'Nikolas', 'Hudson', '479.112.3412', 'ukunde@example.org', '00:14:07', '16:32:49', 'Domenica','2013-07-12', '550.00','2019-05-29 13:00:55'),
('46', 'Harmon', 'Brakus', '1-813-157-7093x', 'kuhlman.mable@example.net', '04:14:19', '09:50:15', 'Martedì','2012-03-10', '700.00','2019-05-29 13:00:55'),
('47073817', 'Daisy', 'Reichel', '(023)161-4034', 'ellis.lind@example.com', '03:18:56', '03:36:19', 'Martedì','2017-12-05', '540.00', '2019-05-29 13:00:55'),
('5383', 'Eli', 'Jakubowski', '1-559-459-6996x', 'aconnelly@example.org', '06:48:52', '01:10:19', 'Martedì','2016-09-27', '600.00', '2019-05-29 13:00:55'),
('56', 'Cleveland', 'Roob', '+20(5)614432481', 'mac.streich@example.org', '11:58:20', '22:06:58', 'Domenica','2013-05-22', '800.00', '2019-05-29 13:00:55'),
('57221', 'Kraig', 'Schultz', '+28(5)811942361', 'nola70@example.com', '12:53:24', '02:07:28', 'Lunedì','2012-08-26', '600.00','2019-05-29 13:00:55'),
('6', 'Hailie', 'Hermann', '1-518-526-2230x', 'mireille73@example.com', '19:08:34', '11:43:35', 'Venerdì', '2013-05-22', '800.00','2019-05-29 13:00:55'),
('7', 'Estell', 'Stiedemann', '(462)964-0029x4', 'rashad.kling@example.org', '00:43:11', '14:41:44', 'Martedì', '2012-01-28', '680.00','2019-05-29 13:00:55'),
('704854330', 'Annamae', 'Wilkinson', '664-772-7934x03', 'grayson.torphy@example.net', '00:45:38', '00:09:19', 'Giovedì', '2016-04-20', '800.00','2019-05-29 13:00:55'),
('74849501', 'Rusty', 'Hermiston', '03302413687', 'nigel65@example.com', '06:47:45', '01:42:53', 'Sabato','2010-07-16', '700.00', '2019-05-29 13:00:55'),
('9663', 'Blanche', 'Labadie', '(731)958-3884', 'maybelle24@example.org', '23:26:55', '21:09:54', 'Domenica', '2002-05-22', '630.00','2019-05-29 13:00:55');

INSERT INTO `STRUTTURA_VETERINARIA`  (`NOME`, `INDIRIZZO`, `TELEFONO`, `last_update`) VALUES 
('Anderson-Schuster','627 Ankunding Motorway Suite 6','(165)355-7','2019-06-18 10:44:23'),
('Beahan Group','768 Jones Forks\nEast Jayden, V','106-285-10','2019-06-18 10:44:23'),
('Goodwin and Greenholt','26745 Nicolette Plain Apt. 467','180-113-38','2019-06-18 10:44:23'),
('Langosh-Gleichner','0295 O\'Conner Points Suite 660','682-336-20','2019-06-18 10:44:23'),
('Maggio-Koss','3425 Alicia Ford\nStaceymouth, ','1-363-460-','2019-06-18 10:44:23'),
('Nikolaus Inc','926 Trevor Mountain\nNew Nova, ','820.923.93','2019-06-18 10:44:23'),
('O\'Hara Ltd','706 Borer Manors\nPort Tremaine','822.436.91','2019-06-18 10:44:23'),
('Sipes-Spencer','1526 Schimmel Fork Apt. 471\nWu','1-391-613-','2019-06-18 10:44:23'),
('Streich Group','6809 Yasmine Freeway Apt. 751\n','1-675-119-','2019-06-18 10:44:23'),
('Mills and Johnston','2422 Mason Tunnel\nNew Amandato','060-936-18','2019-06-18 10:44:23'); 

INSERT INTO `MEDICINA` (`ID`, `NOME`, `DATA_SCADENZA`, `QUANTITA`, `last_update`) VALUES 
('0597-0018', 'Persantine', '2020-06-22', 4, '2019-06-18 10:44:23'),
('63629-1305', 'Cefaclor', '2020-01-14', 2, '2019-06-18 10:44:23'),
('51143-153', 'Everyday Clean Dandruff', '2019-06-29', 0, '2019-06-18 10:44:23'),
('67777-100', 'povidine iodine','2021-05-30', 6, '2019-06-18 10:44:23'),
('0904-6143', 'Doxazosin Mesylate', '2025-03-10', 21, '2019-06-18 10:44:23'),
('11559-727', 'NUTRITIOUS', '2019-09-13', 16, '2019-06-18 10:44:23'),
('0245-0008', 'Fortical', '2020-03-22', 1, '2019-06-18 10:44:23'),
('60429-932', 'Carbamazepine', '2022-05-04', 14, '2019-06-18 10:44:23'),
('75857-0003', 'Antibacterial Wet Wipes', '2021-07-07', 10, '2019-06-18 10:44:23'),
('37808-161', 'Pain and Fever', '2023-08-01', 2, '2019-06-18 10:44:23'),
('0781-2227', 'Thiothixene', '2020-01-01', 0, '2019-06-18 10:44:23');

INSERT INTO `CIBO` (`ID`, `NOME`, `DATA_SCADENZA`, `QUANTITA`, `last_update`) VALUES
('3511110238', 'Pollo', '2021-08-23', 10, '2019-06-18 10:44:23'),
('6040536969', 'Gambero', '2019-08-28', 20, '2019-06-18 10:44:23'),
('9235091268', 'Fieno', '2021-02-25', 100, '2019-06-18 10:44:23'),
('2711947629', 'Carota', '2021-05-17', 5, '2019-06-18 10:44:23'),
('1838464557', 'Mela', '2024-03-31', 15, '2019-06-18 10:44:23'),
('6445855962', 'Banana', '2024-09-28', 2, '2019-06-18 10:44:23'),
('4411010151', 'Mirtilli', '2023-01-21', 0, '2019-06-18 10:44:23'),
('9353731585', 'Lattuga', '2021-10-16', 10, '2019-06-18 10:44:23'),
('0417766122', 'Manzo', '2024-03-26', 6, '2019-06-18 10:44:23'),
('7786890416', 'Maiale', '2020-04-18', 20, '2019-06-18 10:44:23'),
('7943122127', 'Verza', '2025-01-29', 37, '2019-06-18 10:44:23'),
('3874207420', 'Pera', '2023-10-07', 9, '2019-06-18 10:44:23'),
('5132562310', 'Fragole', '2020-07-20', 95, '2019-06-18 10:44:23'),
('9059959892', 'Funghi', '2021-12-29', 40, '2019-06-18 10:44:23'),
('6288686670', 'Salmone', '2022-04-14',16, '2019-06-18 10:44:23');

INSERT INTO `risiede` (`ID_ANIMALE`, `NUMERO`, `NOME_AREA`, `last_update`) VALUES
('422', '1', 'America', '2019-06-18 10:44:23'),
('001', '1', 'Oceania', '2019-06-18 10:44:23'), 
('033', '11', 'America', '2019-06-18 10:44:23'),
('099', '2', 'Europa', '2019-06-18 10:44:23'), 
('104', '11', 'America', '2019-06-18 10:44:23'), 
('111', '2', 'Europa', '2019-06-18 10:44:23'), 
('116', '13', 'Asia', '2019-06-18 10:44:23'), 
('122', '10', 'Africa', '2019-06-18 10:44:23'), 
('127', '10', 'Africa', '2019-06-18 10:44:23'), 
('133', '3', 'Asia', '2019-06-18 10:44:23'), 
('139', '10', 'Africa', '2019-06-18 10:44:23'), 
('158', '11', 'America', '2019-06-18 10:44:23'), 
('166', '2', 'Europa', '2019-06-18 10:44:23'), 
('179', '10', 'Africa', '2019-06-18 10:44:23'), 
('217', '2', 'Europa', '2019-06-18 10:44:23'), 
('230', '10', 'Africa', '2019-06-18 10:44:23'), 
('232', '3', 'Asia', '2019-06-18 10:44:23'), 
('242', '10', 'Africa', '2019-06-18 10:44:23');

INSERT INTO `alloggia` (`ID_ANIMALE`, `NOME_STRUTTURA`, `DATA_I`, `DATA_F`, `last_update`) VALUES 
('104', 'Goodwin and Greenholt', '2019-06-11 10:00:00', '2019-06-28 16:00:00', CURRENT_TIMESTAMP), 
('230', 'Langosh-Gleichner', '2019-06-22 13:00:00', '2019-07-17 10:00:00', CURRENT_TIMESTAMP), 
('158', 'O\'Hara Ltd', '2019-06-18 15:00:00', '2019-10-09 11:00:00', CURRENT_TIMESTAMP);

INSERT INTO `COMPOSTA` VALUES ('0417766122','1','1995-08-09 13:18:20'),
('3511110238','1','2017-01-29 22:40:55'),
('5132562310','1','1987-02-19 16:10:13'),
('6445855962','1','2008-10-23 08:26:43'),
('9059959892','1','1988-11-26 19:34:56'),
('1838464557','2','1979-09-25 01:46:25'),
('3874207420','2','1982-03-02 04:30:34'),
('6040536969','2','2019-05-21 04:38:23'),
('7786890416','2','1985-01-08 09:09:25'),
('9235091268','2','1998-07-08 04:16:36'),
('2711947629','3','2005-11-29 09:14:43'),
('4411010151','3','2016-07-06 20:55:44'),
('6288686670','3','1996-10-24 21:47:52'),
('7943122127','3','1988-11-10 21:24:29'),
('9353731585','3','2018-02-28 23:31:03'); 

INSERT INTO `VISITA_VETERINARIA` VALUES ('6','Bianco','2018-10-25 05:43:35','232','532','2019-06-18 18:24:34'),
('7','Verde','2018-12-11 13:53:15','127','39','2019-06-18 18:24:34'),
('13','Giallo','2018-10-26 11:15:20','166','578','2019-06-18 18:24:34'),
('31','Verde','2018-08-08 14:03:00','217','86213','2019-06-18 18:24:34'),
('46','Giallo','2018-07-30 03:25:12','099','760','2019-06-18 18:24:34'),
('49','Verde','2019-02-26 20:33:43','179','347','2019-06-18 18:24:34'),
('79','Verde','2018-10-01 04:04:24','179','760','2019-06-18 18:24:34'),
('109','Rosso','2018-08-24 14:31:51','104','39','2019-06-18 18:24:34'),
('118','Rosso','2018-11-08 16:58:52','166','285227','2019-06-18 18:24:34'),
('121','Giallo','2019-02-05 15:48:28','230','51128','2019-06-18 18:24:34'),
('132','Verde','2018-08-01 21:40:26','111','51128','2019-06-18 18:24:34'),
('144','Rosso','2019-05-19 10:53:55','158','571751','2019-06-18 18:24:34'),
('145','Rosso','2019-05-21 21:26:03','139','86213','2019-06-18 18:24:34'),
('148','Rosso','2019-05-10 13:06:06','133','51128','2019-06-18 18:24:34'),
('149','Giallo','2018-07-29 00:27:36','122','347','2019-06-18 18:24:34'),
('153','Verde','2018-06-27 19:01:21','139','532','2019-06-18 18:24:34'),
('190','Verde','2019-02-27 18:44:17','116','532','2019-06-18 18:24:34'),
('191','Giallo','2019-05-23 08:49:54','033','578','2019-06-18 18:24:34'),
('195','Verde','2018-10-11 07:29:49','133','760','2019-06-18 18:24:34'),
('201','Rosso','2019-01-10 22:57:18','099','347','2019-06-18 18:24:34'),
('223','Verde','2018-07-09 04:48:58','104','86213','2019-06-18 18:24:34'),
('226','Rosso','2018-09-16 16:28:27','111','936025083','2019-06-18 18:24:34'),
('228','Bianco','2018-10-11 21:42:14','116','285227','2019-06-18 18:24:34'),
('233','Bianco','2018-07-13 09:37:52','230','936025083','2019-06-18 18:24:34'),
('242','Bianco','2018-10-14 11:25:16','122','571751','2019-06-18 18:24:34'),
('259','Giallo','2019-04-15 23:09:58','158','936025083','2019-06-18 18:24:34'),
('264','Bianco','2019-05-21 07:16:50','033','285227','2019-06-18 18:24:34'),
('276','Rosso','2019-06-15 09:55:56','127','578','2019-06-18 18:24:34'),
('287','Verde','2019-03-03 02:47:30','217','39','2019-06-18 18:24:34'),
('299','Verde','2018-11-27 14:33:02','242','571751','2019-06-18 18:24:34'); 

INSERT INTO `SOMMINISTRATA` VALUES ('6','0245-0008','2019-06-18 18:28:41'),
('7','0597-0018','2019-06-18 18:28:41'),
('13','0781-2227','2019-06-18 18:28:41'),
('31','0904-6143','2019-06-18 18:28:41'),
('46','11559-727','2019-06-18 18:28:41'),
('49','37808-161','2019-06-18 18:28:41'),
('79','51143-153','2019-06-18 18:28:41'),
('109','60429-932','2019-06-18 18:28:41'),
('118','63629-1305','2019-06-18 18:28:41'),
('121','67777-100','2019-06-18 18:28:41'),
('49','0245-0008','2019-06-18 18:28:41'),
('118','0597-0018','2019-06-18 18:28:41'),
('121','0597-0018','2019-06-18 18:28:41'),
('79','37808-161','2019-06-18 18:28:41'),
('121','37808-161','2019-06-18 18:28:41'),
('7','37808-161','2019-06-18 18:28:41'),
('31','37808-161','2019-06-18 18:28:41'); 

INSERT INTO `MAGAZZINO` VALUES ('1','643','Africa','2019-06-18 18:36:26'),
('2','257','America','2019-06-18 18:36:26'),
('3','584','Asia','2019-06-18 18:36:26'),
('4','702','Europa','2019-06-18 18:36:26'),
('5','285','Oceania','2019-06-18 18:36:26'),
('6','480','Africa','2019-06-18 18:36:26'); 

INSERT INTO `CONSERVA_CIBO` VALUES ('0417766122','1','2019-06-18 18:37:26'),
('0417766122','4','2019-06-18 18:37:26'),
('1838464557','2','2019-06-18 18:37:26'),
('1838464557','5','2019-06-18 18:37:26'),
('2711947629','3','2019-06-18 18:37:26'),
('2711947629','6','2019-06-18 18:37:26'),
('3511110238','1','2019-06-18 18:37:26'),
('3511110238','4','2019-06-18 18:37:26'),
('3874207420','2','2019-06-18 18:37:26'),
('3874207420','5','2019-06-18 18:37:26'),
('4411010151','3','2019-06-18 18:37:26'),
('4411010151','6','2019-06-18 18:37:26'),
('5132562310','1','2019-06-18 18:37:26'),
('5132562310','4','2019-06-18 18:37:26'),
('6040536969','2','2019-06-18 18:37:26'),
('6040536969','5','2019-06-18 18:37:26'),
('6288686670','3','2019-06-18 18:37:26'),
('6288686670','6','2019-06-18 18:37:26'),
('6445855962','1','2019-06-18 18:37:26'),
('6445855962','4','2019-06-18 18:37:26'),
('7786890416','2','2019-06-18 18:37:26'),
('7786890416','5','2019-06-18 18:37:26'),
('7943122127','3','2019-06-18 18:37:26'),
('7943122127','6','2019-06-18 18:37:26'),
('9059959892','1','2019-06-18 18:37:26'),
('9059959892','4','2019-06-18 18:37:26'),
('9235091268','2','2019-06-18 18:37:26'),
('9235091268','5','2019-06-18 18:37:26'),
('9353731585','3','2019-06-18 18:37:26'),
('9353731585','6','2019-06-18 18:37:26'); 

INSERT INTO `CONSERVA_MEDICINA` VALUES ('0245-0008','1','2019-06-18 18:40:26'),
('0245-0008','6','2019-06-18 18:40:26'),
('0597-0018','1','2019-06-18 18:40:26'),
('0597-0018','2','2019-06-18 18:40:26'),
('0781-2227','2','2019-06-18 18:40:26'),
('0781-2227','3','2019-06-18 18:40:26'),
('0904-6143','3','2019-06-18 18:40:26'),
('0904-6143','4','2019-06-18 18:40:26'),
('11559-727','4','2019-06-18 18:40:26'),
('11559-727','5','2019-06-18 18:40:26'),
('37808-161','5','2019-06-18 18:40:26'),
('37808-161','6','2019-06-18 18:40:26'),
('51143-153','1','2019-06-18 18:40:26'),
('51143-153','6','2019-06-18 18:40:26'),
('60429-932','1','2019-06-18 18:40:26'),
('60429-932','2','2019-06-18 18:40:26'),
('63629-1305','2','2019-06-18 18:40:26'),
('63629-1305','3','2019-06-18 18:40:26'),
('67777-100','4','2019-06-18 18:40:26'),
('75857-0003','5','2019-06-18 18:40:26'); 

INSERT INTO `LAVORA_ADDETTO_PULIZIE` VALUES ('19','Africa','2019-06-18 18:48:48'),
('2317','America','2019-06-18 18:48:48'),
('2934','Asia','2019-06-18 18:48:48'),
('35','Europa','2019-06-18 18:48:48'),
('40','Oceania','2019-06-18 18:48:48'),
('46','Africa','2019-06-18 18:48:48'),
('47073817','America','2019-06-18 18:48:48'),
('5383','Asia','2019-06-18 18:48:48'),
('56','Europa','2019-06-18 18:48:48'),
('57221','Oceania','2019-06-18 18:48:48'),
('6','Africa','2019-06-18 18:48:48'),
('7','America','2019-06-18 18:48:48'),
('704854330','Asia','2019-06-18 18:48:48'),
('74849501','Europa','2019-06-18 18:48:48'),
('9663','Oceania','2019-06-18 18:48:48'); 

INSERT INTO `LAVORA_DIETOLOGO` VALUES ('15443276','Africa','2019-06-18 18:49:33'),
('19426248','America','2019-06-18 18:49:33'),
('3578','Asia','2019-06-18 18:49:33'),
('672','Europa','2019-06-18 18:49:33'); 

INSERT INTO `LAVORA_VETERINARIO` VALUES ('285227','Africa','2019-06-18 18:50:26'),
('347','America','2019-06-18 18:50:26'),
('39','Asia','2019-06-18 18:50:26'),
('51128','Europa','2019-06-18 18:50:26'),
('532','Oceania','2019-06-18 18:50:26'),
('571751','Africa','2019-06-18 18:50:26'),
('578','America','2019-06-18 18:50:26'),
('760','Asia','2019-06-18 18:50:26'),
('86213','Europa','2019-06-18 18:50:26'),
('936025083','Oceania','2019-06-18 18:50:26'); 

INSERT INTO `PIANIFICA` VALUES ('15443276','1','033','1978-07-26 19:32:45'),
('15443276','1','242','1979-12-25 15:40:46'),
('15443276','2','166','1997-10-07 17:27:18'),
('15443276','3','122','2003-10-06 08:34:40'),
('19426248','1','127','1973-10-14 04:25:39'),
('19426248','2','033','1985-12-04 12:49:58'),
('19426248','2','099','2014-07-25 01:18:57'),
('19426248','3','179','2007-11-13 21:13:40'),
('3578','1','217','1978-05-20 06:13:29'),
('3578','2','133','1990-11-01 23:23:26'),
('3578','3','099','1999-08-04 07:13:09'),
('3578','3','104','1975-07-17 12:04:15'),
('672','1','104','2011-01-06 01:47:28'),
('672','1','111','1976-04-12 07:21:13'),
('672','2','230','1992-09-25 06:17:42'),
('672','3','139','2012-07-22 18:11:19'),
('774675156','1','158','1984-03-04 08:21:10'),
('774675156','2','111','1994-08-31 11:19:51'),
('774675156','2','116','1970-06-19 21:19:15'),
('774675156','3','232','1988-06-26 04:05:36'); 


INSERT INTO `PULITO` VALUES ('19','1','2019-03-12 01:35:56','2019-06-18 18:56:18'),
('19','3','2019-06-10 00:37:04','2019-06-18 18:56:18'),
('19','5','2018-08-08 14:37:21','2019-06-18 18:56:18'),
('2317','2','2019-02-27 02:18:10','2019-06-18 18:56:18'),
('2317','4','2018-08-31 21:53:20','2019-06-18 18:56:18'),
('2317','6','2018-12-04 00:03:12','2019-06-18 18:56:18'),
('2934','3','2018-06-19 16:58:49','2019-06-18 18:56:18'),
('2934','5','2018-08-18 17:10:31','2019-06-18 18:56:18'),
('2934','7','2019-06-16 01:57:41','2019-06-18 18:56:18'),
('35','4','2018-11-09 13:43:43','2019-06-18 18:56:18'),
('35','6','2018-11-11 00:42:50','2019-06-18 18:56:18'),
('35','8','2019-01-10 22:40:22','2019-06-18 18:56:18'),
('40','5','2018-10-22 13:41:03','2019-06-18 18:56:18'),
('40','7','2018-08-06 22:38:33','2019-06-18 18:56:18'),
('40','9','2018-10-08 12:31:07','2019-06-18 18:56:18'),
('46','6','2019-01-14 00:17:25','2019-06-18 18:56:18'),
('46','8','2019-02-19 21:32:17','2019-06-18 18:56:18'),
('46','10','2018-07-08 22:47:57','2019-06-18 18:56:18'),
('47073817','7','2019-04-18 16:36:24','2019-06-18 18:56:18'),
('47073817','9','2018-12-21 09:14:43','2019-06-18 18:56:18'),
('47073817','11','2018-11-15 09:30:18','2019-06-18 18:56:18'),
('5383','8','2019-03-07 17:40:10','2019-06-18 18:56:18'),
('5383','10','2018-08-03 19:56:41','2019-06-18 18:56:18'),
('5383','12','2018-09-03 03:26:17','2019-06-18 18:56:18'),
('56','9','2018-06-25 22:03:23','2019-06-18 18:56:18'),
('56','11','2019-02-04 10:57:16','2019-06-18 18:56:18'),
('56','13','2018-11-30 20:48:50','2019-06-18 18:56:18'),
('57221','1','2019-05-15 11:27:54','2019-06-18 18:56:18'),
('57221','10','2018-12-27 22:04:37','2019-06-18 18:56:18'),
('57221','12','2019-03-23 02:05:53','2019-06-18 18:56:18'),
('6','11','2018-10-29 01:08:44','2019-06-18 18:56:18'),
('6','13','2018-11-09 06:38:41','2019-06-18 18:56:18'),
('7','1','2018-09-19 00:46:24','2019-06-18 18:56:18'),
('7','12','2018-10-23 20:55:23','2019-06-18 18:56:18'),
('704854330','2','2018-07-06 06:51:07','2019-06-18 18:56:18'),
('704854330','13','2018-08-23 07:28:46','2019-06-18 18:56:18'),
('74849501','1','2018-09-12 01:32:26','2019-06-18 18:56:18'),
('74849501','3','2019-04-30 17:07:33','2019-06-18 18:56:18'),
('9663','2','2018-10-22 23:49:52','2019-06-18 18:56:18'),
('9663','4','2019-05-17 03:05:33','2019-06-18 18:56:18'); 

